"link","error"
"archivio-meteo/Bolzano",""
"archivio-meteo/Trento",""
"archivio-meteo/Acropark+Rio+Centa",""
"archivio-meteo/Adamello",""
"archivio-meteo/Adamello+1500+m",""
"archivio-meteo/Adamello+2000+m",""
"archivio-meteo/Adamello+2500+m",""
"archivio-meteo/Adamello+3000+m",""
"archivio-meteo/Ala",""
"archivio-meteo/Alba+di+Canazei",""
"archivio-meteo/Albiano",""
"archivio-meteo/Aldeno",""
"archivio-meteo/Alpe+Cermis",""
"archivio-meteo/Alpe+Lusia",""
"archivio-meteo/Altavalle",""
"archivio-meteo/Altopiano+dei+Fiorentini",""
"archivio-meteo/Altopiano+della+Paganella",""
"archivio-meteo/Altopiano+della+Vigolana",""
"archivio-meteo/Altopiano+di+Brentonico",""
"archivio-meteo/Altopiano+di+Vezzena",""
"archivio-meteo/Amblar",""
"archivio-meteo/Amblar-Don",""
"archivio-meteo/Andalo",""
"archivio-meteo/Arco",""
"archivio-meteo/Avio",""
"archivio-meteo/Baselga+di+Pin%E8",""
"archivio-meteo/Bedollo",""
"archivio-meteo/Bellamonte",""
"archivio-meteo/Bersone",""
"archivio-meteo/Besenello",""
"archivio-meteo/Bezzecca",""
"archivio-meteo/Bieno",""
"archivio-meteo/Bleggio+Inferiore",""
"archivio-meteo/Bleggio+Superiore",""
"archivio-meteo/Bocca+di+Navene",""
"archivio-meteo/Bocenago",""
"archivio-meteo/Bolbeno",""
"archivio-meteo/Bondo",""
"archivio-meteo/Bondone",""
"archivio-meteo/Borgo+Chiese",""
"archivio-meteo/Borgo+d%27Anaunia",""
"archivio-meteo/Borgo+Lares",""
"archivio-meteo/Borgo+Valsugana",""
"archivio-meteo/Bosentino",""
"archivio-meteo/Breguzzo",""
"archivio-meteo/Brentonico",""
"archivio-meteo/Bresimo",""
"archivio-meteo/Brez",""
"archivio-meteo/Brione",""
"archivio-meteo/Caderzone",""
"archivio-meteo/Caderzone+Terme",""
"archivio-meteo/Cagn%F2",""
"archivio-meteo/Calavino",""
"archivio-meteo/Calceranica+al+Lago",""
"archivio-meteo/Caldes",""
"archivio-meteo/Caldonazzo",""
"archivio-meteo/Calliano",""
"archivio-meteo/Campestrin",""
"archivio-meteo/Campitello+di+Fassa",""
"archivio-meteo/Campo+Carlo+Magno",""
"archivio-meteo/Campodenno",""
"archivio-meteo/Canal+San+Bovo",""
"archivio-meteo/Canazei",""
"archivio-meteo/Caoria",""
"archivio-meteo/Capriana",""
"archivio-meteo/Carano",""
"archivio-meteo/Car%E8+Alto",""
"archivio-meteo/Car%E8+Alto+1000+m",""
"archivio-meteo/Car%E8+Alto+1500+m",""
"archivio-meteo/Car%E8+Alto+2000+m",""
"archivio-meteo/Car%E8+Alto+2500+m",""
"archivio-meteo/Car%E8+Alto+3000+m",""
"archivio-meteo/Carisolo",""
"archivio-meteo/Carzano",""
"archivio-meteo/Castel+Condino",""
"archivio-meteo/Castel+Ivano",""
"archivio-meteo/Castel+Thun",""
"archivio-meteo/Castelfondo",""
"archivio-meteo/Castello+Tesino",""
"archivio-meteo/Castello-Molina+di+Fiemme",""
"archivio-meteo/Castelnuovo",""
"archivio-meteo/Cavalese",""
"archivio-meteo/Cavareno",""
"archivio-meteo/Cavedago",""
"archivio-meteo/Cavedine",""
"archivio-meteo/Cavizzana",""
"archivio-meteo/Cembra",""
"archivio-meteo/Cembra+Lisignago",""
"archivio-meteo/Centa+San+Nicol%F2",""
"archivio-meteo/Ciampac",""
"archivio-meteo/Ciampac+Alba",""
"archivio-meteo/Cima+Portavescovo",""
"archivio-meteo/Cima+Presanella",""
"archivio-meteo/Cima+Presanella+1500+m",""
"archivio-meteo/Cima+Presanella+2000+m",""
"archivio-meteo/Cima+Presanella+2500+m",""
"archivio-meteo/Cima+Presanella+3000+m",""
"archivio-meteo/Cimego",""
"archivio-meteo/Cimone",""
"archivio-meteo/Cinte+Tesino",""
"archivio-meteo/Cis",""
"archivio-meteo/Civetta",""
"archivio-meteo/Civezzano",""
"archivio-meteo/Cles",""
"archivio-meteo/Cloz",""
"archivio-meteo/Cogolo",""
"archivio-meteo/Comano+Terme",""
"archivio-meteo/Commezzadura",""
"archivio-meteo/Concei",""
"archivio-meteo/Condino",""
"archivio-meteo/Cont%C3+",""
"archivio-meteo/Coredo",""
"archivio-meteo/Croviana",""
"archivio-meteo/Cunevo",""
"archivio-meteo/Daiano",""
"archivio-meteo/Dambel",""
"archivio-meteo/Daone",""
"archivio-meteo/Dar%E8",""
"archivio-meteo/Denno",""
"archivio-meteo/Dimaro",""
"archivio-meteo/Dimaro+Folgarida",""
"archivio-meteo/Don",""
"archivio-meteo/Dorsino",""
"archivio-meteo/Dosso+di+Costalta",""
"archivio-meteo/Drena",""
"archivio-meteo/Dro",""
"archivio-meteo/Faedo",""
"archivio-meteo/Fai+della+Paganella",""
"archivio-meteo/Faver",""
"archivio-meteo/Fiav%E8",""
"archivio-meteo/Fiera+di+Primiero",""
"archivio-meteo/Fierozzo",""
"archivio-meteo/Flavon",""
"archivio-meteo/Folgaria",""
"archivio-meteo/Folgarida",""
"archivio-meteo/Fondo",""
"archivio-meteo/Fontanazzo",""
"archivio-meteo/Fornace",""
"archivio-meteo/Frassilongo",""
"archivio-meteo/Garniga+Terme",""
"archivio-meteo/Ghiacciaio+Presena",""
"archivio-meteo/Giovo",""
"archivio-meteo/Giudicarie",""
"archivio-meteo/Giustino",""
"archivio-meteo/Grauno",""
"archivio-meteo/Grigno",""
"archivio-meteo/Grumes",""
"archivio-meteo/Gruppo+Brenta",""
"archivio-meteo/Imer",""
"archivio-meteo/Isera",""
"archivio-meteo/Ivano-Fracena",""
"archivio-meteo/Ladurno",""
"archivio-meteo/Lago+Calaita",""
"archivio-meteo/Lago+di+Ledro",""
"archivio-meteo/Lardaro",""
"archivio-meteo/Lasino",""
"archivio-meteo/Lavarone",""
"archivio-meteo/Lavis",""
"archivio-meteo/Ledro",""
"archivio-meteo/Levico+Terme",""
"archivio-meteo/Lisignago",""
"archivio-meteo/Livo",""
"archivio-meteo/Lomaso",""
"archivio-meteo/Lona-Lases",""
"archivio-meteo/Luserna",""
"archivio-meteo/Madonna+di+Campiglio",""
"archivio-meteo/Madruzzo",""
"archivio-meteo/Mal%E8",""
"archivio-meteo/Malosco",""
"archivio-meteo/Marco",""
"archivio-meteo/Marilleva",""
"archivio-meteo/Marilleva+900",""
"archivio-meteo/Marmolada",""
"archivio-meteo/Marmolada+1500+m",""
"archivio-meteo/Marmolada+2000+m",""
"archivio-meteo/Marmolada+2500+m",""
"archivio-meteo/Marmolada+3000+m",""
"archivio-meteo/Massimeno",""
"archivio-meteo/Mattarello",""
"archivio-meteo/Mazzin",""
"archivio-meteo/Mezzana",""
"archivio-meteo/Mezzano",""
"archivio-meteo/Mezzocorona",""
"archivio-meteo/Mezzolombardo",""
"archivio-meteo/Miola+di+Pin%E8",""
"archivio-meteo/Moena",""
"archivio-meteo/Molina+di+Ledro",""
"archivio-meteo/Molveno",""
"archivio-meteo/Monclassico",""
"archivio-meteo/Montagne",""
"archivio-meteo/Monte+Bondone",""
"archivio-meteo/Monte+Spinale",""
"archivio-meteo/Mori",""
"archivio-meteo/Nago-Torbole",""
"archivio-meteo/Nanno",""
"archivio-meteo/Nave+San+Rocco",""
"archivio-meteo/Nogaredo",""
"archivio-meteo/Nomi",""
"archivio-meteo/Novaledo",""
"archivio-meteo/Ospedaletto",""
"archivio-meteo/Ossana",""
"archivio-meteo/Ovest+Cadore",""
"archivio-meteo/Padergnone",""
"archivio-meteo/Paganella",""
"archivio-meteo/Pale+di+San+Martino",""
"archivio-meteo/Pal%F9+del+Fersina",""
"archivio-meteo/Palu%27+di+Madonna+di+Campiglio",""
"archivio-meteo/Panarotta",""
"archivio-meteo/Panchi%E0",""
"archivio-meteo/Paneveggio",""
"archivio-meteo/Parco+Fluviale+Novella",""
"archivio-meteo/Parco+Grotta+Cascata+Varone",""
"archivio-meteo/Parco+Naturale+Adamello+Brenta",""
"archivio-meteo/Passo+Bordala",""
"archivio-meteo/Passo+Brocon",""
"archivio-meteo/Passo+Coe",""
"archivio-meteo/Passo+del+Ballino",""
"archivio-meteo/Passo+del+Tonale",""
"archivio-meteo/Passo+della+Borcola",""
"archivio-meteo/Passo+della+Mendola",""
"archivio-meteo/Passo+di+Gobbera",""
"archivio-meteo/Passo+di+Lavaz%E8",""
"archivio-meteo/Passo+di+Pampeago",""
"archivio-meteo/Passo+di+San+Lugano",""
"archivio-meteo/Passo+di+Valles",""
"archivio-meteo/Passo+di+Vezzena",""
"archivio-meteo/Passo+Fedaia",""
"archivio-meteo/Passo+Groste%27",""
"archivio-meteo/Passo+Manghen",""
"archivio-meteo/Passo+Oclini",""
"archivio-meteo/Passo+Pordoi",""
"archivio-meteo/Passo+Rolle",""
"archivio-meteo/Passo+San+Pellegrino",""
"archivio-meteo/Passo+Tonale",""
"archivio-meteo/Passo+Valles",""
"archivio-meteo/Passo+Valparola",""
"archivio-meteo/Peio",""
"archivio-meteo/Peio+Alta",""
"archivio-meteo/Pellizzano",""
"archivio-meteo/Pelugo",""
"archivio-meteo/Penia+di+Canazei",""
"archivio-meteo/Pera+di+Fassa",""
"archivio-meteo/Pergine+Valsugana",""
"archivio-meteo/Pieve+di+Bono",""
"archivio-meteo/Pieve+di+Bono-Prezzo",""
"archivio-meteo/Pieve+di+Ledro",""
"archivio-meteo/Pieve+Tesino",""
"archivio-meteo/Pinzolo",""
"archivio-meteo/Polsa",""
"archivio-meteo/Pomarolo",""
"archivio-meteo/Porte+di+Rendena",""
"archivio-meteo/Povo",""
"archivio-meteo/Pozza+di+Fassa",""
"archivio-meteo/Praso",""
"archivio-meteo/Predaia",""
"archivio-meteo/Predazzo",""
"archivio-meteo/Preore",""
"archivio-meteo/Prezzo",""
"archivio-meteo/Primiero+San+Martino+di+Castrozza",""
"archivio-meteo/Rabbi",""
"archivio-meteo/Ragoli",""
"archivio-meteo/Ravina",""
"archivio-meteo/Rev%F2",""
"archivio-meteo/Rifugio+Refavaie",""
"archivio-meteo/Rifugio+Viviani",""
"archivio-meteo/Riva+del+Garda",""
"archivio-meteo/Romallo",""
"archivio-meteo/Romeno",""
"archivio-meteo/Roncegno+Terme",""
"archivio-meteo/Ronchi+Valsugana",""
"archivio-meteo/Ronco",""
"archivio-meteo/Roncone",""
"archivio-meteo/Ronzo-Chienis",""
"archivio-meteo/Ronzone",""
"archivio-meteo/Rover%E8+della+Luna",""
"archivio-meteo/Rovereto",""
"archivio-meteo/Ruffr%E9+Mendola",""
"archivio-meteo/Rumo",""
"archivio-meteo/Sagron+Mis",""
"archivio-meteo/Samone",""
"archivio-meteo/San+Giacomo+di+Brentonico",""
"archivio-meteo/San+Giovanni+di+Fassa",""
"archivio-meteo/San+Lorenzo+Dorsino",""
"archivio-meteo/San+Lorenzo+in+Banale",""
"archivio-meteo/San+Martino+di+Castrozza",""
"archivio-meteo/San+Michele+all%27Adige",""
"archivio-meteo/Sant%27Antonio+di+Mavignola",""
"archivio-meteo/Sant%27Orsola+Terme",""
"archivio-meteo/Sanzeno",""
"archivio-meteo/Sarnonico",""
"archivio-meteo/Sassolungo",""
"archivio-meteo/Sassolungo+1500+m",""
"archivio-meteo/Sassolungo+2000+m",""
"archivio-meteo/Sassolungo+2500+m",""
"archivio-meteo/Sassopiatto",""
"archivio-meteo/Sassopiatto+1500+m",""
"archivio-meteo/Sassopiatto+2000+m",""
"archivio-meteo/Sassopiatto+2500+m",""
"archivio-meteo/Scurelle",""
"archivio-meteo/Segonzano",""
"archivio-meteo/Sella+Giudicarie",""
"archivio-meteo/Serrada",""
"archivio-meteo/Sfruz",""
"archivio-meteo/Siror",""
"archivio-meteo/Ski+center+Latemar",""
"archivio-meteo/Smarano",""
"archivio-meteo/Sopramonte",""
"archivio-meteo/Soraga",""
"archivio-meteo/Sores+Park",""
"archivio-meteo/Sover",""
"archivio-meteo/Spera",""
"archivio-meteo/Spiazzo",""
"archivio-meteo/Spormaggiore",""
"archivio-meteo/Sporminore",""
"archivio-meteo/Stenico",""
"archivio-meteo/Storo",""
"archivio-meteo/Strembo",""
"archivio-meteo/Strigno",""
"archivio-meteo/Taio",""
"archivio-meteo/Tassullo",""
"archivio-meteo/Telve",""
"archivio-meteo/Telve+di+Sopra",""
"archivio-meteo/Tenna",""
"archivio-meteo/Tenno",""
"archivio-meteo/Terlago",""
"archivio-meteo/Terragnolo",""
"archivio-meteo/Terres",""
"archivio-meteo/Terzolas",""
"archivio-meteo/Tesero",""
"archivio-meteo/Tiarno+di+Sopra",""
"archivio-meteo/Tiarno+di+Sotto",""
"archivio-meteo/Tione+di+Trento",""
"archivio-meteo/Ton",""
"archivio-meteo/Tonadico",""
"archivio-meteo/Torcegno",""
"archivio-meteo/Trambileno",""
"archivio-meteo/Transacqua",""
"archivio-meteo/Tre+Ville",""
"archivio-meteo/Trento",""
"archivio-meteo/Tres",""
"archivio-meteo/Tuenno",""
"archivio-meteo/Val+di+Fassa",""
"archivio-meteo/Val+di+Non",""
"archivio-meteo/Val+Formica",""
"archivio-meteo/Valda",""
"archivio-meteo/Valdaone",""
"archivio-meteo/Valfloriana",""
"archivio-meteo/Vallarsa",""
"archivio-meteo/Vallelaghi",""
"archivio-meteo/Valsugana",""
"archivio-meteo/Varena",""
"archivio-meteo/Vattaro",""
"archivio-meteo/Vermiglio",""
"archivio-meteo/Verv%F2",""
"archivio-meteo/Vezzano",""
"archivio-meteo/Vignola-Falesina",""
"archivio-meteo/Vigo+di+Fassa",""
"archivio-meteo/Vigo+Rendena",""
"archivio-meteo/Vigolo+Vattaro",""
"archivio-meteo/Villa+Agnedo",""
"archivio-meteo/Villa+Lagarina",""
"archivio-meteo/Villa+Rendena",""
"archivio-meteo/Ville+d%27Anaunia",""
"archivio-meteo/Volano",""
"archivio-meteo/Zambana",""
"archivio-meteo/Ziano+di+Fiemme",""
"archivio-meteo/Zuclo",""
